Company,Decision Maker,Why Good Fit (1 sentence),Best Service,Project Value Range,Priority,Email Template,LinkedIn Template
TwelveLabs,Jae Lee,Just raised $100M Series B; expanding to NY/London; needs engineering capacity for video AI platform,AI SaaS Development,$15000-50000,A,"Hi Jae, Caught your $100M Series B announcement — scaling video AI across SF, Seoul, NY, London means engineering capacity becomes the constraint. We work white-label behind AI companies: backend infrastructure, API optimization, custom integrations. Open to exploring overflow engineering for your expansion timeline?","Jae—Impressive Series B raise. Your expansion to NY/London screams dev capacity bottleneck. We specialize in white-label engineering for AI platforms. Let's sync on whether overflow capacity makes sense for your roadmap."
Norm AI,John Nay,Unicorn status ($1.2B valuation) after $120M Series C; scaling legal AI agents; needs engineering support,AI SaaS Development,$20000-75000,A,"Hi John, Unicorn status validated—the constraint now shifts from R&D to execution and infrastructure scaling. We partner white-label with AI companies on backend systems and integrations. As you scale Norm Law and the platform, we can handle custom integrations while your team focuses on agent development.","John—Unicorn status after $120M Series C. Clear inflection to execution-phase hiring. We build infrastructure and integrations for legal AI platforms. Worth a conversation?"
Abridge,Shiv Rao,$5.3B valuation; deployed across 250+ health systems; needs continuous feature development and custom integrations,AI SaaS Development,$25000-60000,A,"Hi Shiv, Abridge is everywhere now—250+ health systems and 80M+ patient lives this year. That scale means engineering velocity becomes critical. We build custom integrations with EHR systems and healthcare APIs. Open to exploring whether white-label engineering could accelerate your roadmap?","Shiv—80M+ patient lives touching Abridge this year. Clear need for velocity. We specialize in healthcare AI integrations and custom feature development. Let's connect."
Glean,Arvind Jain,Raised $150M; serving enterprise-wide AI search; needs backend optimization and custom integrations,AI SaaS Development,$20000-50000,A,"Hi Arvind, Enterprise search at scale means constant backend optimization and custom integrations. We work white-label with AI platforms: performance tuning, custom connectors, infrastructure work. Your engineering team stays focused on search/ranking while we handle the engineering velocity.","Arvind—Enterprise search at scale requires constant optimization. We build backend infrastructure and custom integrations for AI platforms. Worth a 20-min conversation?"
Redo,Unknown,Series B momentum ($81M); building post-purchase retention AI; needs custom feature development,Ecommerce Development,$15000-40000,B,"Hi [CEO], Your post-purchase focus is smart—brands leave 30% of AOV on the table there. Custom integrations with payment processors and loyalty systems are complex. We've shipped retention features that increased LTV 12-18%. Open to exploring whether custom development could accelerate your roadmap?","[CEO]—Redo is solving post-purchase retention, a real margin lever. We specialize in ecommerce feature development and payment/loyalty integrations. Worth syncing?"
Phia,Unknown,Series A backed by Khosla Ventures; scaling sustainable shopping AI; needs engineering capacity for product velocity,AI SaaS Development,$10000-30000,B,"Hi [CEO], Series A funded sustainable shopping is timely—consumer interest in transparent sourcing growing 40%+ YoY. We build backend systems and integrations for AI consumer products: data pipelines, recommendation engines, payment integrations. Engineering capacity to accelerate velocity?","[CEO]—Phia's solving a real market gap. We build backend infrastructure for consumer AI products. Let's explore if white-label engineering could accelerate your product velocity."
Harvey AI,Winston Weinberg,Valued at $11B after $200M raise; 100K+ lawyers using platform; continuous feature development needed,AI SaaS Development,$30000-75000,A,"Hi Winston, $11B valuation and 100K+ active users means engineering velocity is everything. We partner white-label with enterprise AI platforms: backend optimization, custom integrations, compliance features. Your team stays focused on core agent capabilities while we handle engineering load.","Winston—$11B valuation at 100K+ users. Clear execution-phase hiring opportunity. We build compliance features and custom integrations for legal AI. Interested in exploring partnership?"
Whatnot,Grant LaFontaine,Raised $225M Series F ($11.5B valuation); $6B+ GMV; needs ecommerce infrastructure and feature development,Ecommerce Development,$25000-60000,A,"Hi Grant, Live commerce at $11.5B valuation means platform scalability is critical. We build ecommerce infrastructure, payment integrations, and custom features. As you scale GMV, engineering capacity directly impacts velocity. Open to exploring white-label support?","Grant—$11.5B valuation on live commerce. Clear need for engineering velocity at scale. We specialize in ecommerce platform development. Worth a conversation?"
ShopMy,Harry Rein,$1.5B valuation (profitable unicorn); 100K+ curators; continuous platform development needed,Ecommerce Development,$20000-50000,A,"Hi Harry, Profitable unicorn scaling through 100K+ curators is rare—and means platform reliability and features are critical. We build curator tools, payment systems, and platform infrastructure. Engineering capacity to support your growth curve?","Harry—Profitable unicorn with 100K+ curators. Platform stability and feature velocity critical. We specialize in marketplace infrastructure. Let's connect."
OnBuy,Cas Paton,UK-founded marketplace with 35M+ products; rapid growth; needs platform scalability engineering,Ecommerce Development,$15000-40000,B,"Hi Cas, 35M+ products on OnBuy means platform scalability is constant challenge. We handle marketplace infrastructure, search optimization, and feature development. Engineering support for your growth trajectory?","Cas—35M+ products is a scalability challenge we solve. We specialize in ecommerce platform engineering. Worth exploring partnership?"
Freshly,Unknown,Fast-growing meal delivery with AI personalization; needs continuous algorithm and feature development,AI Automation,$20000-45000,B,"Hi [CEO], Meal delivery personalization requires constant algorithm refinement. We build AI features: recommendation engines, demand forecasting, pricing optimization. Engineering support for your product roadmap?","[CEO]—Freshly's personalization engine is core to differentiation. We build AI features for consumer platforms. Let's sync."
Ro,Unknown,Telehealth with AI diagnostics; needs compliance-heavy custom features,AI SaaS Development,$25000-60000,B,"Hi [CEO], Telehealth at scale with AI diagnostics is compliance-intensive. We specialize in HIPAA-compliant feature development and integrations. Engineering support for your platform?","[CEO]—Telehealth + AI diagnostics = compliance + velocity challenge. We build regulated AI features. Worth a call?"
Recharge,Unknown,Subscription platform with AI optimization; needs retention and churn-reduction features,AI Automation,$15000-40000,B,"Hi [CEO], Subscription economics live and die on churn reduction. We build AI churn models, retention features, and predictive systems. Engineering support for your product?","[CEO]—Subscription platforms need smart churn reduction. We build AI for that. Interested?"
Zappi,Unknown,AI commerce optimization; needs feature development and integrations,AI Automation,$15000-35000,B,"Hi [CEO], Commerce optimization at scale needs constant feature iteration. We build AI features and retailer integrations. Engineering support?","[CEO]—Retail AI optimization requires velocity. We build custom features. Let's talk."
Wix,Unknown,Website platform with AI builder; needs continuous feature development,AI SaaS Development,$25000-60000,C,"Hi [CEO], AI website builder scaling requires engineering velocity. We build custom features and integrations. Engineering support?","[CEO]—Website AI builder at scale needs engineering capacity. Let's connect."
Majdra,Unknown,Top ecommerce agency; likely needs white-label dev support for clients,Ecommerce Development,$20000-50000,B,"Hi [CEO], Leading ecommerce agencies often lack engineering capacity for custom integrations. We provide white-label dev support: payment systems, checkout optimization, inventory integrations. Revenue-share partnership opportunity?","[CEO]—Top ecommerce agencies always need overflow engineering. We specialize in white-label ecommerce dev. Partnership opportunity?"
Sweat Pants Agency,Unknown,"Built $2B+ client revenue; needs engineering support for large ecommerce builds","Ecommerce Development","$25000-60000",B,"Hi [CEO], Agencies with $2B+ client revenue need engineering velocity. We provide white-label support for complex ecommerce builds. Interested in overflow partnership?","[CEO]—$2B+ client revenue means engineering is your constraint. We do white-label ecommerce builds. Worth exploring?"
Avenue Z,Unknown,Performance marketing agency; needs dev support for custom campaign infrastructure,Ecommerce Development,$15000-40000,B,"Hi [CEO], Performance marketing agencies need engineers for campaign infrastructure. We build custom systems and integrations. Partnership opportunity?","[CEO]—Performance marketing at scale needs engineering. We specialize in campaign infrastructure. Let's talk."
VaynerMedia,Gary Vaynerchuk,Massive agency; continuous demand for custom features and integrations,Ecommerce Development,$30000-75000,C,"Hi [CEO], Large agencies always need engineering capacity for client work. We provide white-label support. Partnership opportunity?","[CEO]—Agencies your size need overflow engineering. We do white-label work. Interested?"
Brighter Click,Unknown,Top ecommerce marketing agency; likely needs dev support for advanced optimizations,Ecommerce Development,$20000-50000,B,"Hi [CEO], Leading ecommerce agencies often need engineering for advanced technical optimization. We specialize in white-label support. Partnership opportunity?","[CEO]—Top ecommerce agencies need overflow engineering. Let's explore partnership."
Tinuiti,Unknown,Largest independent performance marketing firm; needs engineering for platform integrations,Ecommerce Development,$25000-60000,B,"Hi [CEO], Performance marketing at scale needs engineering. We build custom integrations and tools. Partnership opportunity?","[CEO]—Performance marketing scale requires engineering velocity. We specialize in custom integrations. Worth a conversation?"
Eight Sleep,Unknown,Sleep tech with AI personalization; needs continuous algorithm development,AI Automation,$20000-50000,B,"Hi [CEO], Sleep tech personalization requires constant algorithm refinement. We build custom AI features. Engineering support?","[CEO]—Sleep AI personalization needs constant iteration. We build AI features. Let's connect."
Loom,Unknown,Video communication with AI features; needs feature development,AI SaaS Development,$15000-40000,B,"Hi [CEO], Video AI features require engineering velocity. We build custom features and integrations. Support for your roadmap?","[CEO]—Loom's AI features need velocity. We specialize in video AI development. Let's talk."
Figma,Unknown,Design platform expanding into AI; needs feature development,AI SaaS Development,$25000-60000,C,"Hi [CEO], Design AI features need engineering velocity. We build custom features. Engineering support?","[CEO]—Design + AI = complex engineering. We specialize in that. Worth syncing?"
Canva,Unknown,Design platform with AI; needs continuous AI feature development,AI SaaS Development,$25000-60000,C,"Hi [CEO], Design AI at scale needs engineering velocity. We build custom features. Support?","[CEO]—Canva's AI expansion needs engineering. We specialize in AI features for creators. Let's connect."
Superhuman,Unknown,Email AI platform; needs feature development and optimizations,AI Automation,$15000-40000,B,"Hi [CEO], Email AI needs constant optimization and new features. We specialize in AI features for productivity tools. Engineering support?","[CEO]—Email AI requires engineering velocity. We build custom features. Interested?"
Notion,Unknown,Workspace platform with AI; needs continuous feature development,AI SaaS Development,$25000-60000,C,"Hi [CEO], Workspace AI needs engineering velocity. We build custom features. Support?","[CEO]—Notion's AI expansion needs engineers. Let's sync."
Slack,Unknown,Communication platform expanding AI; needs feature development,AI SaaS Development,$30000-75000,C,"Hi [CEO], Communication AI needs constant iteration. We build custom features. Engineering partnership?","[CEO]—Slack AI needs engineering support. Worth exploring partnership?"
Monday.com,Unknown,Work OS expanding AI; needs feature development,AI SaaS Development,$25000-60000,C,"Hi [CEO], Work OS AI needs engineering velocity. We build custom features. Support?","[CEO]—Work OS AI expansion needs engineers. Let's talk."
Asana,Unknown,Project management with AI; needs feature development,AI SaaS Development,$25000-60000,C,"Hi [CEO], Project AI needs constant innovation. We build custom features. Engineering support?","[CEO]—Asana's AI needs engineering. Let's connect."
Airtable,Unknown,Database platform with AI; needs feature development,AI SaaS Development,$25000-60000,C,"Hi [CEO], Database AI needs engineering. We specialize in custom features. Support?","[CEO]—Airtable's AI expansion is engineering-heavy. Let's talk."
HubSpot,Unknown,CRM with AI; needs feature development and customizations,CRM Development,$30000-75000,C,"Hi [CEO], CRM AI features need engineering velocity. We build custom features. Partnership opportunity?","[CEO]—CRM AI scale needs engineers. We specialize in CRM customization. Interested?"
Salesforce,Unknown,Enterprise CRM expanding AI; needs custom implementations,CRM Development,$50000-150000,C,"Hi [CEO], Enterprise CRM AI needs custom implementations. We specialize in complex integrations. Partnership?","[CEO]—Salesforce AI scale needs specialized engineers. Worth exploring?"
Zendesk,Unknown,Customer service platform with AI; needs feature development,AI SaaS Development,$25000-60000,C,"Hi [CEO], Customer service AI needs engineering. We build custom features. Support?","[CEO]—Zendesk AI needs engineering. Let's connect."
Intercom,Unknown,Customer communication with AI; needs feature development,AI SaaS Development,$25000-60000,C,"Hi [CEO], Customer AI needs engineering velocity. We build custom features. Support?","[CEO]—Intercom's AI needs engineers. Interested in exploring?"
Outreach,Unknown,Sales execution platform with AI; needs feature development,AI Automation,$25000-60000,C,"Hi [CEO], Sales AI needs engineering. We build custom features. Support?","[CEO]—Sales AI at scale needs engineers. Let's sync."
Drift,Unknown,Sales/marketing AI platform; needs feature development,AI Automation,$20000-50000,B,"Hi [CEO], Sales AI needs engineering velocity. We build custom features. Partnership?","[CEO]—Sales AI platform needs engineers. Worth a conversation?"
Clearbit,Unknown,Data enrichment with AI; needs feature development,AI SaaS Development,$20000-50000,B,"Hi [CEO], Data AI needs engineering. We build custom features. Support?","[CEO]—Data enrichment AI needs engineers. Let's talk."
HubSpot,Unknown,Growth platform with AI; needs integration and feature development,AI Automation,$25000-60000,B,"Hi [CEO], Growth platform AI needs engineering. We specialize in custom integrations. Support?","[CEO]—Growth AI needs engineers. Let's connect."